,Tweet,ann_1,ann_2,final_anns
0,RT @mindales: BTS Stranger Things AU poster concept @BTS_twt https://t.co/LytZhKkAbr,1,1,True
1,RT @DEvansThe2nd: Kuz is that one freshman who's kicking it with the seniors. ğŸ˜‚ https://t.co/iNgoj3bYNG,0,0,True
2,RT @ExAmish101: I was Amish and was sexually abused for 6 mo by the bishop of my church before finally going to the police. Strict churchesâ€¦,1,1,True
3,My son look like he sell stogies 3 dollars a pack,0,0,True
4,I've come to the conclusion that I might be a Service Verse. https://t.co/8nCRnuNHLS,2,1,False
5,careful where you plant them seeds before you water them ğŸŒ±,1,1,True
6,RT @nutitty: Starting to get more tan yessss https://t.co/dJvDI1E9MW,1,1,True
7,"RT @xoShaaan: SIR JOHN Lion King Makeup Collection ğŸ¦ Review, Lip Swatches &amp; Tutorial https://t.co/A5Jzj8QtdF https://t.co/JyDdTPnBF7",1,1,True
8,RT @AwwwwCats: what a cutesy little M you have on your forehead https://t.co/Y5lRXtHBb0,2,2,False
9,@laurendesylva @AriMelber ha! good try.,0,0,True
10,RT @Ogcool3108: Lord the weed you put on earth for us they out here drug testing us for it  ğŸ˜­ğŸ˜¤,1,0,False
11,@VaughnChadell You ready sisğŸ™ƒâ¤ï¸,2,0,False
12,RT @imseokchoo: please rt this to save a life  https://t.co/c59EEwtdBf,1,1,True
13,RT @brumedot: happiness blooms from within   :-)   #PunBNK48 #JennisBNK48 #BNK48  #HBDGrabTH https://t.co/wQG2Sk4Jrm,1,1,True
14,RT @kouotsu: lasty blep https://t.co/vXOhbvnqFc,2,0,False
15,RT @bts_bighit: [#ì˜¤ëŠ˜ì˜ë°©íƒ„] BTS with The Voice @NBCTheVoice!ğŸ’œ #BTSonTheVoiceğŸ¶#BTS https://t.co/U7bjMnaWLb,1,1,True
16,"RT @kaciijolynn: a big heart and a great personality is so attractive, looks are just a plus ğŸ˜«",2,1,False
17,"RT @ana__limaa: If you could turn any book into a movie, what would you pick and who would be the actors? â€” A seleÃ§Ã£o pfvr e eu nÃ£o me impoâ€¦",1,1,True
18,"RT @usminority: FULL INTERVIEW HERE: https://t.co/oGDf834WLK  The left has determined it is an act of hate to tell black &amp; brown ppl, LGBT,â€¦",1,1,True
19,RT @allmaag: This is the real definition of a fat ass and a thick woman. And itâ€™s all REAL. Ima go cry now https://t.co/MxXX5dGlkJ,2,0,False
20,as foretold by the podcast,1,2,False
21,RT @GemmaaGibbss: Amy Hartâ€™s best bits  #LoveIsIand https://t.co/Ek7ANQqLfD,1,1,True
22,@nonsuspendedana thank god,1,2,False
23,RT @_princessmagggs: Honestly I wanna be successful already so I can get pregnant lmao,0,0,True
24,RT @__erebus: Old news from 2016; Shahzib Ehsan an assistant professor at LUMS was picked by security agencies as he was leaving the campusâ€¦,1,1,True
25,Iâ€™m so happy Iâ€™m in mother sea AND share the world AUAUAUAGG,2,0,False
26,RT @raniarchanahu: Uffff Feels good deep throat with other's rather then hubby https://t.co/AnjZXLmEOP,2,0,False
27,@LadyJordii @RoyaleDemi @nightbarbie @LeahAshe @cybernova @Keisyooo So cute!,1,1,True
28,RT @melissagray_: im confused....just go to your local marine base???? looks like an typical marine https://t.co/wta5eXk8O2,1,1,True
29,RT @Jaywop6: Donâ€™t put no Avery Bradley highlight reel from 2 years ago on my TL,1,1,True
30,"RT @jano88703942: @UNrefugees Will you put the end for the long suffering of Iraqi asylum seekers and refugees in the host countries,AND, gâ€¦",1,1,True
31,RT @doolsetbangtan: [Exclusive/Unconfirmed] @BTS_twt will continue its stadium tour in Seoul in late October at Jamail Olympic Stadium. Theâ€¦,1,1,True
32,RT @TierraTraniece: Donâ€™t skip leg day girls!ğŸ§¡ https://t.co/p7bTReBS1i,1,1,True
33,Id love to be tonguing your ass !,2,1,False
34,RT @TopTierNSFW: Retweet for goodluck âœ¨ https://t.co/gMmFonWeH5,1,1,True
35,RT @Todd_1014: Alexander Breck  Photographed by Frank Marando https://t.co/IKZIGn5vuE,1,1,True
36,Arby's date with babe too end our long break from hell. Back to the grind tomorrow! ğŸ¤·,0,0,True
37,RT @ashakiiii: LETS DO IT AGAIN #Blacktwitter ğŸ‘¸ğŸ¾ğŸ¤´ğŸ¾ğŸ‘¸ğŸ¾ğŸ¤´ğŸ¾ğŸ‘¸ğŸ¾ğŸ¤´ğŸ¾  IF YOUâ€™RE A BLACKTWITTER FAN ğŸ—£ğŸ—£ğŸ—£ğŸ—£ LIKE &amp; RETWEET THIS !!!!!!!! I USED TO HAVE 0â€¦,1,0,False
38,"@yagirlmollsxo I call what I wear to work my costume, because it isnâ€™t who I am at all.",0,2,False
39,"@Just_A_Mug_ Lucky bastard, hope he appreciates what heâ€™s got",0,0,True
40,@GABrownsGuy You and Mike enjoy Amy Schumer comedy specials,1,0,False
41,RT @backstreetboys: Wishing our man @CarsonDaly a big happy birthday! https://t.co/pP3XKK7VBC,1,1,True
42,"RT @renyuwe14: Msg to LGBT community  ""I hope we can make a better place together, for everybody, for all equal rights."" - svt vernon",1,1,True
43,RT @3ahr0na4: My #TeenChoice for #ChoiceSummerTour is BLACKPINK IN YOUR AREA @ygofficialblink . https://t.co/5YsPj2vQOa,1,1,True
44,@redblugreenbean agony,1,1,True
45,RT @Bechirhorcheni: @kirimixer @LittleMix Four My #TeenChoice for #ChoiceSummerGroup is @LittleMix,1,1,True
46,"[80's Edition] Saturday, July 13th, Join Me And A Few Other Dopeee Artists Celebrate The Release Of @mrfeelgood87 &amp;â€¦ https://t.co/eCWvHmGp3Q",1,1,True
47,RT @yfndell: I feel like turnin upğŸ˜‚,0,0,True
48,"RT @HESilf: ""greets a fan"" is now my favorite euphemism https://t.co/namyhNuaAl",1,0,False
49,London stabbing - man in 30s rushed to hospital after ANOTHER stabbing attack as knife crime wave continues https://t.co/4abx7D46pf,1,1,True
50,RT @vncntngyn: just found out sometimes girls cry themselves to sleep at night https://t.co/GwzXPSauV9,2,1,False
51,"RT @PromotionBreezy: Even after 14 years of career, Chris Brown got gold on his last two albums in just one week. ğŸ† https://t.co/oSLhUvqmHM",1,1,True
52,Good morning! ğŸŒ»ğŸŒ»,1,1,True
53,"Hello! You. âœ‹ğŸ¼ Stop scrolling for just a sec... I want to know, how are you? Like really! In an ideal world Iâ€™d beâ€¦ https://t.co/Fk0XK9Xjst",0,2,False
54,"RT @KnightAzyr: Please share this, and maybe commission me if you can. Thank you! https://t.co/R3HZC5rr7m",1,1,True
55,Let's get started!,1,1,True
56,Bummer. Car overheated during 3rd session. Either water pump or thermostat failed. $$$ tow to mechanics right now.,1,1,True
57,"RT @DogasusBackpack: ""I Choose You!"" &amp; ""Everyone's Story"" artist:  Yoshitaka Shinomiya (å››å®®ç¾©ä¿Š)  ""Mewtwo Strikes Back Evolution"" artist: Hijiâ€¦",1,1,True
58,@itzychavarin ğŸ¤£ğŸ¤£ğŸ¤£ BITCH,0,0,True
59,RT @AryaKuli: Crott https://t.co/8xFpYEdMfh,1,2,False
60,RT @SadFryG: They forced him to drink gasoline then burned him to death yet some still think israel is peaceful. Fuck yâ€™all https://t.co/Ggâ€¦,1,1,True
61,"RT @OK_Dumbass: @MollyJongFast Cy Vance also needs to spend some time in prison.  But we already knew that, after his cave-in to Marc Kasowâ€¦",1,1,True
62,RT @DEADLINE: Kevin Spacey Assault Case May Be Tossed After Accuser Takes The Fifth Over Deleted Phone Data https://t.co/KFCdKPfG9Q https:/â€¦,1,1,True
63,RT @smithkyliee: I really donâ€™t want people that donâ€™t want better for themselves in my life or around me anymore,1,1,True
64,RT @michaelgervais: How can you remain calm when it seems like you're facing an insurmountable challenge? @acheyer has the answer https://tâ€¦,2,1,False
65,"RT @JonahNRO: But since I have your attention, there are a remarkable number of people who think itâ€™s fine to break glass in the woods. Mosâ€¦",2,1,False
66,@MineSweepa Fuck em,1,1,True
67,@rxbyxj ARE YOU JOKING THAT HURT MY EARS. ID HATE LIVING NEAR THAT PARK,0,0,True
68,@musictakesbot So Kurt Cobain's band is Kurt Cobain for jocks. Aight,2,0,False
69,Ah yes...thatâ€™s the photo I was recalling...sure looks like â€œaâ€ island...but is it â€œtheâ€ island?  Maybe he can provâ€¦ https://t.co/D2C8EYcp71,2,0,False
70,RT @ImReallyOutHere: Today at the happiest place on earth. https://t.co/79j2godsUz,2,0,False
71,RT @BrendaC07819987: @DrRJKavanagh Cy Vance is the same DA that refused to bring charges of real estate fraud against Ivanka and Don Jr oveâ€¦,1,1,True
72,"I messed up the inventory, still some steam shovel hats left. Iâ€™m not good at math",0,0,True
73,RT @MrMcCockiner: Bro itâ€™s fucking insane how dudes born in 2000 are now professional athletes. I remember having PokÃ©mon card battles in Kâ€¦,0,0,True
74,"@HarrisonSmith85 I think people are way too hard on this movie.  I mean, the shark jumped out of the water, stood oâ€¦ https://t.co/Mf9JRH6KIv",1,0,False
75,And here we go https://t.co/gkRnL84VcA,2,1,False
76,RT @Nakamura3E: The way they can't reach each otherğŸ’” https://t.co/k5jFcuyCyi,2,1,False
77,"@Melodic__Cudgel ""Roman?""",1,2,False
78,RT @TrumpStudents: @realDonaldTrump @GOPLeader @GavinNewsom Thank you President Trump for Keeping America Safe ğŸ‡ºğŸ‡¸,1,1,True
79,"RT @latalani: If we flop w the voting this time when itâ€™s an ACTUAL CATEGORY WEâ€™RE NOMINATED UNDER, imma be pressed  Ik Iâ€™m a super small aâ€¦",1,2,False
80,@derek11027093 @YouTube Sorry can't listen won't stay connected don't like them a whole lot a few but,1,2,False
81,RT @Ibra_official: My favourite team of all time. I only have to decide the coach. Maybe will be Zlatan https://t.co/MvRN5krxPc,1,1,True
82,@ssbu_MGF i remember abt this one guy who posted ********* **** gifs all the time,2,0,False
83,RT @arnellarmon: Stop holding onto people that didnâ€™t appreciate you when they had you,1,1,True
84,"Houndour Lvl 35 cp 1146 iv 100 -33.400138,-70.592633",1,2,False
85,RT @goodbeanalt: her: I like guys that are 6 feetğŸ˜ğŸ˜  me: *looking down at my 2 feet* shit,0,0,True
86,"About #marketing, #sales, #communication: https://t.co/WImo9nXeW9",1,1,True
87,"RT @MayorofLondon: Our new cycling infrastructure, including protected bike lanes, has meant more Londoners are using bicycles to get arounâ€¦",1,1,True
88,Today has been a mentally draining ass dayğŸ˜´,1,0,False
89,Floridaâ€™s Utilities Keep Homeowners From Making the Most of Solar Power https://t.co/yIPgdkZU9E,1,1,True
90,@wthyunho @: â˜†â˜†â˜†â˜†â˜† layout: â˜†â˜†â˜†â˜†â˜† bio: â˜†â˜†â˜†â˜†â˜† pinned: â˜†â˜†â˜†â˜†â˜†,1,2,False
91,@michaeljohns @Anonagain3 @LBC Back across the pond for this one.,1,1,True
92,@coachdan_19 Skills alone isn't a guarantee for success.. You think Messi and Ronaldo dwell  and thrive only on natâ€¦ https://t.co/P9gDHCxwqv,1,1,True
93,Thereâ€™s been people in my DMs asking me about wholesaling and I put my ego aside and tell folks that Iâ€™m new and frâ€¦ https://t.co/wLO2l0uDPs,1,2,False
94,@kheti_thegreat Nappy Hut Savannah itâ€™s beside the school,1,1,True
95,RT @___Alasiah: Iâ€™m still young but Iâ€™m ready to have it ALL together ğŸ˜­,0,0,True
96,Do I wanna have sex with my girls mother or my girl when she gets older?... hmm,1,0,False
97,Heat damage is such a scary thing. I donâ€™t ever want to experience it. I avoid straighteners &amp; hairdryers like the plague ğŸ˜‚ğŸ˜­,0,0,True
98,There's an Adelaide link to the Home Run Derby!  @Dodgers 3B coach Dino Ebel was an import for the Adelaide Giantsâ€¦ https://t.co/FytQZ1frKZ,1,1,True
99,RT @ShannonSharpe: Agree or Disagree? https://t.co/FmLUGzxqHT,2,1,False
100,RT @eveestg: THEY PLAYED THE WRONG SONG FOR THE NATIONAL ANTHEM I- https://t.co/7hM1riH1IO,0,0,True
101,"RT @billboardcharts: This week's top 5 on the #WorldDigitalSongSales chart:  1. @BTS_twt ""Heartbeat"" (debut) 2. @BTS_twt ""Lights"" (debut) 3â€¦",1,1,True
102,RT @TeenChoiceFOX: Don't sleep on retweeting this to vote for @billieeilish's When We All Fall Asleep Tour for #ChoiceSummerTour! ğŸ’¤ #TeenChâ€¦,0,1,False
103,"RT @MarkWarner: REMINDER: in under 24 hours, the Trump Administration will head to court to overturn the Affordable Care Act and   âŒ  Strikâ€¦",1,1,True
104,u know you're coping up with depression too well when you're doing your kilay too strong. leggo kick some negativitâ€¦ https://t.co/vmlz9G9lZJ,1,1,True
105,@dbongino Gotta find me some Home Depot.,1,0,False
106,RT @BeshieKaories: I'm sure lalayag ulit to pero it'll be blue na !  Can't waitğŸ’™     @kaori_oinuma @DarlingKaori @PBBabscbn #BringBackKAORIâ€¦,2,2,False
107,"RT @nuearthangel: If you've never known what a healthy relationship is, you may subconciously try to create chaos because you feel ""bored""â€¦",1,1,True
108,RT @ArmyBrigade13: To gather stars  1. Go to events   2. Scroll to the bottom until you find the star  3. Click the star and you are givenâ€¦,1,0,False
109,How the fuck do you have an elimination mixed tag without intergender? #wwe #RAW,1,1,True
110,"@catfynli i.... LOVE THIS.......... my horse girl, warrior stan heart is so full ğŸ’“ğŸ˜­",1,0,False
111,RT @FHawk94: I'm live everyone &lt;3 Come check me out on mixer at  https://t.co/KGqSPxSy8I @WatchMixer @MixerShares @MixerStreams @MixerRetweâ€¦,1,1,True
112,RT @judyschear: Love this. â¤ï¸   Parents: donâ€™t abandon your kids.  Itâ€™s heartbreaking.  #Pride2019 https://t.co/O3M2W79Rx8,1,1,True
113,"@marklevinshow I don't really care if anyone likes or dislikes our country. I love it, but that's the beauty of our country.",1,1,True
114,RT @shancherxo: look at her face ğŸ˜‚ğŸ˜­ this is toddlers when you ask them whatâ€™s in their mouth. https://t.co/e3cl6QacLT,0,0,True
115,RT @OGTREEZ: Me at work acting fake busy for the last 30 minutes of my shift https://t.co/BIu2GJTZPR,0,0,True
116,RT @SourceDuMal: This is how you market a bra. This is a STRAPLESS BRA she is doing a cartwheel in people. This company goes up to a K cup.â€¦,1,0,False
117,"RT @LiiiimDixoonn: In Singapore, they let you drown in anything. Debts, depression, stress, bedok reservoir etc. https://t.co/fO5B92s2go",0,0,True
118,I feel like crying. It's ok tho,1,1,True
119,Finally finished stranger things and I'm just fucking !!!!!!!! UGH,1,1,True
120,I swear I accept one friend request on fb then 20 randoms add me,0,0,True
121,RT @LGBTELEVEN: maya hawke                  uma thurman stranger things            in kill bill vol. 1 (2019)â€¦,1,1,True
122,"RT @amoebamusic: Want to win tickets to see @robynkonichiwa perform in Los Angeles Saturday, July 27th at @theforum?   RT and follow us toâ€¦",1,1,True
123,RT @Sopebubble_: This is the best thing I've ever done in my life https://t.co/QfnBcopRMD,2,2,False
124,They cant,1,1,True
125,@VG247 I'm really excited I used to watch Digimon in my youth and this game looked so good on PS4. Here's hoping I'â€¦ https://t.co/awkBcH4LkK,1,1,True
126,There will be detailed guides for the Yeezy Lundmark drop. We will provide all the information you need to have theâ€¦ https://t.co/d28zDnXNeQ,1,1,True
127,"Twitter gay: you guys only like me when Iâ€™m shirtless   Same twitter gay: ONLY posts shirtless pictures and nothing else???,",0,0,True
128,@TylerJCameron3 what are you drinking tonight my man,1,1,True
129,RT @josiewosie_: i just fall in love picture by picture https://t.co/sskiRe9nXp,1,1,True
130,RT @TajinderBagga: *Urgent Blood Required*  Patient Name : *Dileep Kumar Tripathi* Blood Group required : *B+ Positive* Location &amp; Hospitalâ€¦,1,1,True
131,"Don McLean - The meaning of American Pie (UPDATE) https://t.co/QI4vohepea via @YouTube  DON MCLEAN'S SONG ""AMERICANâ€¦ https://t.co/b6qeaFtMm9",2,2,False
132,"RT @wrongtxtquote: yoongi: iâ€™m small but knowing  soobin: you don't know what the top shelf looks like, hyung  yoongi:  soobin:  yoongi: hoâ€¦",2,0,False
133,RT @bhaskar_tr: Rape has become business to earn money  @GR_Barbarika #MenToo https://t.co/jjjuxO8z6x,1,1,True
134,@RUMINT79 @CletusAbernathy @davidmweissman @Rosie You need a house vote to start impeachment hearings my dude. Stepâ€¦ https://t.co/tqzQvKhdJw,1,1,True
135,#StartForLife (left 2 pamphlets NHS) vs #ChangeForLife (right 2 #sugartax) No Added Sugar (NAS) = Artificial SWEETEâ€¦ https://t.co/iMoC2SBLxW,1,1,True
136,RT @_fairykook: @ stan accounts who treat their mutuals like fans  https://t.co/OwXRciNw2a,1,1,True
137,RT @realDonaldTrump: Spoke to @GOPLeader Kevin McCarthy about the earthquakes in California and informed him that we will be working very câ€¦,1,1,True
138,RT @kwonkims: remember when the boys were whining because they didn't want to sleep in separate rooms #KeepHoldingOniKON https://t.co/WaHmWâ€¦,2,1,False
139,"if you come at my boyfriend all friendly and donâ€™t have the decency to introduce yourself to me or say hello, youâ€™râ€¦ https://t.co/Hd3oDAa88e",0,1,False
140,@gewargas @TeddysMom8 @Lynne_Sippel @destination1111 @Pakeha56 @shez19833 @shoozer12 @Ilanyv2 @ITsalagiâ€¦ https://t.co/ZhTwdYfpEZ,1,1,True
141,RT @GARATSmeanie: whats your fave concept you've done so far? Cheol: (our) next concept OKAY SVT IS DEFINITELY HAVING A COMEBACK SOON MOM-â€¦,1,1,True
142,Nove #AustinMahoneNaMix,1,1,True
143,RT @officialgham: Me in primary school when I put my hand up to tell on a classmate and ask the teacher to go to the toilet instead https:/â€¦,2,0,False
144,*mimosas &amp; damn twitter can we get an edit button yet ğŸ™„,0,0,True
145,"RT @doyangeprek: Please help support BTS FESTA 2019 , add a #Twibbon now! https://t.co/XuNtH5yAIQ",1,1,True
146,RT @yonndone_: Yâ€™ALL.ğŸ˜‚ Joe Biden said WHO RACIST?  watch until the end of the videoğŸ˜‚ğŸ˜‚ https://t.co/IiDGRP4sa8,0,0,True
147,RT @steph93065: How can Maurene Comey be involved in prosecuting the Epstein case?   Her family are very big supporters of the Clintons. Woâ€¦,1,1,True
148,RT @SvtMinion: Seventeen is a magical group that is very very rare in NY if you see them they bring you happiness and luck in your life  10â€¦,1,1,True
149,@nicolazzo_e @eorden Not all bad. We're not all bad.,1,1,True
150,You can save time lying on the bed until you realize how fucked up traffic in the Philippines,0,0,True
151,RT @nigguhteen: I feel bad for white people cause they have to deal with other white people and face second hand embarrassment when their pâ€¦,0,1,False
152,Ughh my heart!! â™¥ï¸ Zeke is too precious and I know his Tio Luis is watching over him! ğŸ˜­â™¥ï¸,1,0,False
153,RT @boshemia: @SDNYnews Thank you for doing what should have been done long ago. These victims deserve to be heard and fought for.   This iâ€¦,1,1,True
154,RT @tribelaw: Press access to criminal proceedings is a core First Amendment right. My first Supreme Court argument established that: Richmâ€¦,1,1,True
155,RT @VYSR4: i wanna know how it feels like to be this talented pls im talentless https://t.co/kT2j3o8L5e,1,0,False
156,@Boy1drr @prakdip @braeIynn then he gotta stop replyin to me wtf,1,1,True
157,RT @carIys: Going back to bed https://t.co/B3oXs3qWGe,1,2,False
158,RT @UmBongoUK: Win a Mini Arcade...Repeat WIN A MINI ARCADE!!!  This 2 Player Mini Arcade comes with 300 games which you can enjoy out andâ€¦,1,1,True
159,"RT @ottawa_asd_mum: 17/ The Ontario Autism Program *needs* a fresh start, so please, please, start fresh. Step away from the Childhood Budgâ€¦",1,1,True
160,Congrats!,1,1,True
161,RT @ActuallyGina: when u isolate yourself and people actually forget about you https://t.co/3oOY3Md4Ny,0,2,False
162,RT @TheOnion: Man Wasting His Life Playing Video Games When There Whole World Of Other Screens Out There https://t.co/OoNB81vr5v https://t.â€¦,0,0,True
163,@WWEUniverse @WWE @WWERollins @BeckyLynchWWE Enough already with this! https://t.co/enWmp9qb2q,1,1,True
164,@QuanFlix_ That shit fireeee,1,0,False
165,RT @saba92767765: @AdnaanManning Nice,1,1,True
166,RT @ewarren: Thank you @EricSwalwell for your commitment to making gun reform front and center in this election. Gun violence is a public hâ€¦,1,1,True
167,@lahsmokinggun Itâ€™s a good thing.,2,1,False
168,RT @nigguhteen: I feel bad for white people cause they have to deal with other white people and face second hand embarrassment when their pâ€¦,0,1,False
169,me to my friends am i a joke to you?,0,0,True
170,RT @Barnes_Law: Clinton is now claiming the FAA logs are lying about him. https://t.co/bbQPWR4p7n #FoxNews,1,1,True
171,RT @netanyahu: A Palestinian summer camp is teaching children to hate.   They are burning American flags and rejecting every plan for peaceâ€¦,1,1,True
172,RT @trevor_norris0: absolutely no one:  Boyz N Motion: https://t.co/i1rulfqlNk,1,0,False
173,Testing my voice on a lo-fi beat how y'all doing,2,0,False
174,RT @YFan914: Here we go again.... some asshole wants to be social media famous... well letâ€™s make him famous people! Retweet away! https://â€¦,0,0,True
175,RT @94ever_rain: tae telling hobi to make a crying face and them both making crying faces together ğŸ¥º https://t.co/a3AJ4sNOKd,1,0,False
176,Wishing to be somewhere else but here and itâ€™s alright,0,1,False
177,RT @LAmaleCA: @BBCWorld BAN the Scooter,1,2,False
178,RT @LilNasX: 14 WEEKS AT NUMBER 1 LETS GOOOOO !!! https://t.co/ecOGen1bKu,1,2,False
179,"RT @uhkent: hereâ€™s the letter I left to my parents before moving out in english and spanish, Iâ€™m never changing who I am ğŸ³ï¸â€ğŸŒˆ https://t.co/â€¦",1,1,True
180,RT @FightfulWrestle: Taker wanted to make his hot tag the hottest hot tag in wrestling history ğŸ˜‚ğŸ˜‚ğŸ˜‚   https://t.co/0VnMKE60S0,0,0,True
181,RT @Zero_N_Bless: Water for Flint. Now this. One of the youngest celebs but doing the most for his people! I like this energy ğŸ™ğŸ¾ https://t.â€¦,1,1,True
182,@GlennRubenstein @WrestlingInc Is it just me or has this couple combo really destroyed both their momentum and madeâ€¦ https://t.co/RQSvuRderx,1,1,True
183,Come back to the Gulf Miss Costa!,1,1,True
184,"RT @SerieTV46: #HEIZE ""We don't talk together"" feat. Giriboy (Prod. #SUGA) - 09:00 KST:  #1 Bugs (=) #1 Genie (=) #1 Mnet (=) #1 Naver (=)â€¦",1,1,True
185,RT @classofshi: how do we support teachers to value surface-level learning as part of the process to deeper learning and understanding to sâ€¦,1,1,True
186,"We don't look for trouble, we just have fun, but there's always someone tryna show what they can do0o0o0o",2,0,False
187,RT @catturd2: Apple Co-Founder Steve Wozniak Says Everyone Should Delete Facebook Because Conversations Arenâ€™t Private.   No problem - neveâ€¦,0,1,False
188,RT @beemyhope_: bruh i will never forget that day when bighit has suddenly dropped the tour dates and ticket selling for sy tour and a lotâ€¦,1,1,True
189,RT @Criterion: Our Pedro AlmodÃ³var retrospective has begun! âš¡ï¸â¤ï¸Get a taste of the films on viewâ€”which showcase his unique ability to blendâ€¦,1,1,True
190,RT @HOBIlIlIll: Why snoop looks like heâ€™s at a fan sign https://t.co/QE5SDXhWD8,2,0,False
191,RT @sparkIy: me at 4am setting my alarm for 6:15 6:30 6:45 and 7:00 https://t.co/jCMD06DBdL,0,0,True
192,RT @MariahCarey: Todayâ€™s episode of #MomentsWithMimi is live on my IGTV! @marshmellomusic is Roc &amp; Roe's favorite artist so we decided to sâ€¦,1,1,True
193,Deep State wins again: unelected federal judge rules against Trump on drug pricing disclosures https://t.co/O5PYOdL9Dg #DeepState #BigPharma,1,1,True
194,I feel another all nighter coming on,1,2,False
195,RT @Crophugger: Pete Buttigieg Strikes Out on Racism and Police https://t.co/oJ5LOryp4N,1,1,True
196,"RT @DiivesArt: Please, GIMME 10! ğŸ˜ğŸ’¦ #diives #xingzuotemple #xingzuo_temple https://t.co/IkoGpZtqFj",1,0,False
197,RT @BarstoolRia: Are we going with Pilot Pete or Pete the Pilot? Letâ€™s settle this once and for all #TheBachelorette,2,0,False
198,RT @OperatorOperatn: Live for the night. Ranked @PlayApex.  https://t.co/bWiyYQIhnW  @UnjustifiedGG,1,1,True
199,RT @RyanDestiny: super exciteddd. love this show! hopefully I fit in okğŸ˜¬ğŸ’™ https://t.co/EQCEW8PvA7,1,0,False
200,"@Bigseats12 Thank you for the follow! Much appreciated, sorry j missed it right away.",1,1,True
201,RT @MohamedAlKhoor: Dont ask me why im mad when u donâ€™t have the mental capacity to understand what you did wrong.,2,1,False
202,RT @DougBowen5: @SenSchumer They are not prisoners and can go back  home if they want. Why canâ€™t Mexico take them?,2,1,False
203,RT @Unexplained: We got this new guy at work...Heâ€™s really nice. https://t.co/oHHqdr3bCu,1,2,False
204,@Spiritsncrystal OMG THEYD BE THE ULTIMATE DUO,1,0,False
205,RT @kmaarrie: i wanna travel with you &amp; fuck in every city we go to,2,2,False
206,RT @YUNGBANS: I canâ€™t beef with no city girl ğŸ’ğŸ¾â€â™€ï¸ https://t.co/bFc6vt7NwW,2,0,False
207,"@VP @CBP @HHSGov #potus said, he's been &amp; seen some of the facilities.!? FUCKING BULLSHIT LIE. YOU AND HIM BOTH HAVâ€¦ https://t.co/U3nbJgKs4t",1,1,True
208,@HGlorioso1996 @MizRvnTCB @Becky_Boo274 Soooooper hard ğŸ˜‚ğŸ»,0,0,True
209,RT @btsdistortedvid: yeontan sweetie im so sorry,1,1,True
210,Is it weird to be attracted to animated characters? Asking for a friend ğŸ˜…,2,0,False
211,RT @aftermovie: So much Hardin inkâ€¦ Does anyone have an â€œAfterâ€ tat? ğŸ–¤ #AfterMovie https://t.co/ccVfujMACl,1,0,False
212,@minabff apparently. tis wut i hav Heard,1,1,True
213,RT @CosechaMovement: ğŸ”´ LIVE: hundreds of Jewish allies are marching through Chicago in solidarity with undocumented immigrants to demand anâ€¦,1,1,True
214,RT @ChrisMurphyCT: Your afternoon reminder that tomorrow the Trump administration is going to court to overturn protections for 130 millionâ€¦,1,1,True
215,"@TaylorLorenz Air-conditioning saves countless lives every year,  you imbecile.  Good god where are they coming froâ€¦ https://t.co/EO6VCksvtg",0,1,False
216,"RT @solomonbrett: Worth a read - just when journalists needs the internet the most, is often the time when governments deliberately shut itâ€¦",1,1,True
217,Fine Fashion Jewelry Blue Sapphire Size:6 Women's Ring 18K white Gold Filled | eBay  https://t.co/EvlG94Bbx3 https://t.co/5Ff80UF0W7,1,1,True
218,RT @alyssalimp: Me and my gals in college: yaaaas letâ€™s drink this BAG of wine &amp; go DAAAANCING  Me and my gals now: Ok so what you are expeâ€¦,0,0,True
219,RT @MariahCarey: Challenge accepted! #bottletopchallenge https://t.co/Rygijd6z5W,1,1,True
220,RT @Stplmstr: Forgot to upload some fusionings so here be some more :D #pokemon #Pokefusions #pokemonfusions https://t.co/DOZ8RWQHqL,1,0,False
221,RT @vinnybrack: This is an act of terrorism  https://t.co/suPplvRFZs,1,1,True
222,"RT @Evomanaphy: I heard that Bea is shredded, that she has an eight pack ğŸ‘€  #PokemonSwordShield https://t.co/vf2bvjFlkb",1,0,False
223,Cell Phone Courtesy Month is the perfect time to remind you not to text and drive! https://t.co/GKcJpSn27S,1,0,False
224,i'm going to say this one last time...  this is MY twitter account where i can tweet whatever the FUCK i want to. iâ€¦ https://t.co/02xaf8tJU0,1,0,False
225,@barstoolsports @OldRowOfficial @5thYear OH MY GOD. THIS IS @cartereaux ğŸ˜‚ğŸ˜‚ğŸ˜‚ğŸ˜‚ğŸ˜‚,0,0,True
226,Look at him I love him https://t.co/IESaa4nom3,1,2,False
227,"RT @gauthamrao: Overheard at Whole Foods, Silver Spring   Husband: I didnâ€™t know there was a womenâ€™s World Cup.  Wife: say it louder so eveâ€¦",2,0,False
228,@nyalachi yeah.ğŸ˜¯,1,0,False
229,Ivanka Trump: Viral shot of Donald Trump with daughter and Jeffrey Epstein exposed as hoax https://t.co/OPcHEL80cZ https://t.co/TobgLrykSw,1,1,True
230,RT @mari23rios: I would leave my keys locked in my car ğŸ¤¦ğŸ½â€â™€ï¸,0,0,True
231,aint got to tell me twiceee,1,1,True
232,RT @ihatejoelkim: When I see a tweet on Instagram it does sometimes feel like someone trying to turn in the same homework assignment for twâ€¦,2,0,False
233,Well Fox... Mexico showed you who is better. https://t.co/KCfsREt9v1,2,1,False
234,RT @AuntLulie: OR is it because Mueller will not support the summary you wrote or the redacted report or the refusal to issue the full unreâ€¦,1,1,True
235,RT @Tara4MAGA: Former President Bill Clinton has issued a statement saying he â€œknows nothing about the terrible crimes Jeffrey Epstein pleaâ€¦,1,1,True
236,#JeffreyEpstein #LolitaExpress  Jeffrey Epstein: traveled alongside Bill Clinton and Kevin Spacey https://t.co/6urmoWcIXY,1,1,True
237,Jeffrey Epstein: Financier charged with sex trafficking minors - BBC News Pleads not guilty because he thought theâ€¦ https://t.co/nxXKErjh3k,1,1,True
238,@nvmbwrId @taescosmo thatâ€™s harsh,1,1,True
239,Love you too ğŸ’•ğŸ’•ğŸ’•ğŸ¼ğŸ§,1,0,False
240,"Now I wouldn't say I'm totally manipulative, demanding and in control (fuck I'm all that ğŸ’€) But this is how I'm tryâ€¦ https://t.co/1s0c6LndTM",0,0,True
241,RT @abhishkJntrMnt: God ordered Living Beings to be Vegetarians - Holy Bible Those who eat meat are going against God. #MondayMotivation,1,1,True
242,"RT @hsalover: bitches love memo ochoa, itâ€™s me Iâ€™m bitches https://t.co/REwUWKhDYs",2,0,False
243,RT @robinshawkins: eleven in season 1 episode 7 â€œthe bathtubâ€ https://t.co/a6wMDGv8zz,1,1,True
244,@yoongitrbll iâ€™m late but ğŸ—¿,1,0,False
245,Also please donâ€™t send me ccs asking when ems will be sent out or when Iâ€™ll be forwarding things from my kaddress eâ€¦ https://t.co/mbIoqH4w6O,1,1,True
246,@OhDapperDan I could see you becoming a professional Dungeon master.,0,2,False
247,@blazeymc91 @shaunjlawson I was a much happier person when I was politically disengaged.,2,1,False
248,RT @bniceloco: How that McDonaldâ€™s sprite be hittin https://t.co/KmTiWEt2fM,1,0,False
249,SHOUT OUT TO YOU FOR THIS ONE!!!! https://t.co/R54tADIXC9,1,0,False
