Tweet,ann_1,ann_2,ann,final_anns
@mindales: BTS Stranger Things AU poster concept @BTS_twt https://t.co/LytZhKkAbr,1,1,1,TRUE
@DEvansThe2nd: Kuz is that one freshman who's kicking it with the seniors. üòÇ https://t.co/iNgoj3bYNG,0,0,0,TRUE
@ExAmish101: I was Amish and was sexually abused for 6 mo by the bishop of my church before finally going to the police. Strict churches‚Ä¶,1,1,1,TRUE
My son look like he sell stogies 3 dollars a pack,0,0,0,TRUE
I've come to the conclusion that I might be a Service Verse. https://t.co/8nCRnuNHLS,2,1,1,FALSE
careful where you plant them seeds before you water them üå±,1,1,1,TRUE
@nutitty: Starting to get more tan yessss https://t.co/dJvDI1E9MW,1,1,1,TRUE
"@xoShaaan: SIR JOHN Lion King Makeup Collection ü¶Å Review, Lip Swatches &amp; Tutorial https://t.co/A5Jzj8QtdF https://t.co/JyDdTPnBF7",1,1,1,TRUE
@AwwwwCats: what a cutesy little M you have on your forehead https://t.co/Y5lRXtHBb0,2,2,0,FALSE
@laurendesylva @AriMelber ha! good try.,0,0,0,TRUE
@Ogcool3108: Lord the weed you put on earth for us they out here drug testing us for it  üò≠üò§,1,0,0,FALSE
@VaughnChadell You ready sisüôÉ‚ù§Ô∏è,2,0,1,FALSE
@imseokchoo: please rt this to save a life  https://t.co/c59EEwtdBf,1,1,1,TRUE
@brumedot: happiness blooms from within   :-)   #PunBNK48 #JennisBNK48 #BNK48  #HBDGrabTH https://t.co/wQG2Sk4Jrm,1,1,1,TRUE
@kouotsu: lasty blep https://t.co/vXOhbvnqFc,2,0,0,FALSE
@bts_bighit: [#Ïò§ÎäòÏùòÎ∞©ÌÉÑ] BTS with The Voice @NBCTheVoice!üíú #BTSonTheVoiceüé∂#BTS https://t.co/U7bjMnaWLb,1,1,1,TRUE
"@kaciijolynn: a big heart and a great personality is so attractive, looks are just a plus üò´",2,1,1,FALSE
"@ana__limaa: If you could turn any book into a movie, what would you pick and who would be the actors? ‚Äî A sele√ß√£o pfvr e eu n√£o me impo‚Ä¶",1,1,1,TRUE
"@usminority: FULL INTERVIEW HERE: https://t.co/oGDf834WLK  The left has determined it is an act of hate to tell black &amp; brown ppl, LGBT,‚Ä¶",1,1,1,TRUE
@allmaag: This is the real definition of a fat ass and a thick woman. And it‚Äôs all REAL. Ima go cry now https://t.co/MxXX5dGlkJ,2,0,0,FALSE
as foretold by the podcast,1,2,1,FALSE
@GemmaaGibbss: Amy Hart‚Äôs best bits  #LoveIsIand https://t.co/Ek7ANQqLfD,1,1,1,TRUE
@nonsuspendedana thank god,1,2,1,FALSE
@_princessmagggs: Honestly I wanna be successful already so I can get pregnant lmao,0,0,0,TRUE
@__erebus: Old news from 2016; Shahzib Ehsan an assistant professor at LUMS was picked by security agencies as he was leaving the campus‚Ä¶,1,1,1,TRUE
I‚Äôm so happy I‚Äôm in mother sea AND share the world AUAUAUAGG,2,0,0,FALSE
@raniarchanahu: Uffff Feels good deep throat with other's rather then hubby https://t.co/AnjZXLmEOP,2,0,1,FALSE
@LadyJordii @RoyaleDemi @nightbarbie @LeahAshe @cybernova @Keisyooo So cute!,1,1,1,TRUE
@melissagray_: im confused....just go to your local marine base???? looks like an typical marine https://t.co/wta5eXk8O2,1,1,1,TRUE
@Jaywop6: Don‚Äôt put no Avery Bradley highlight reel from 2 years ago on my TL,1,1,1,TRUE
"@jano88703942: @UNrefugees Will you put the end for the long suffering of Iraqi asylum seekers and refugees in the host countries,AND, g‚Ä¶",1,1,1,TRUE
@doolsetbangtan: [Exclusive/Unconfirmed] @BTS_twt will continue its stadium tour in Seoul in late October at Jamail Olympic Stadium. The‚Ä¶,1,1,1,TRUE
@TierraTraniece: Don‚Äôt skip leg day girls!üß° https://t.co/p7bTReBS1i,1,1,1,TRUE
Id love to be tonguing your ass !,2,1,1,FALSE
@TopTierNSFW: Retweet for goodluck ‚ú® https://t.co/gMmFonWeH5,1,1,1,TRUE
@Todd_1014: Alexander Breck  Photographed by Frank Marando https://t.co/IKZIGn5vuE,1,1,1,TRUE
Arby's date with babe too end our long break from hell. Back to the grind tomorrow! ü§∑,0,0,0,TRUE
@ashakiiii: LETS DO IT AGAIN #Blacktwitter üë∏üèæü§¥üèæüë∏üèæü§¥üèæüë∏üèæü§¥üèæ  IF YOU‚ÄôRE A BLACKTWITTER FAN üó£üó£üó£üó£ LIKE &amp; RETWEET THIS !!!!!!!! I USED TO HAVE 0‚Ä¶,1,0,1,FALSE
"@yagirlmollsxo I call what I wear to work my costume, because it isn‚Äôt who I am at all.",0,2,0,FALSE
"@Just_A_Mug_ Lucky bastard, hope he appreciates what he‚Äôs got",0,0,0,TRUE
@GABrownsGuy You and Mike enjoy Amy Schumer comedy specials,1,0,1,FALSE
@backstreetboys: Wishing our man @CarsonDaly a big happy birthday! https://t.co/pP3XKK7VBC,1,1,1,TRUE
"@renyuwe14: Msg to LGBT community  ""I hope we can make a better place together, for everybody, for all equal rights."" - svt vernon",1,1,1,TRUE
@3ahr0na4: My #TeenChoice for #ChoiceSummerTour is BLACKPINK IN YOUR AREA @ygofficialblink . https://t.co/5YsPj2vQOa,1,1,1,TRUE
@redblugreenbean agony,1,1,1,TRUE
@Bechirhorcheni: @kirimixer @LittleMix Four My #TeenChoice for #ChoiceSummerGroup is @LittleMix,1,1,1,TRUE
"[80's Edition] Saturday, July 13th, Join Me And A Few Other Dopeee Artists Celebrate The Release Of @mrfeelgood87 &amp;‚Ä¶ https://t.co/eCWvHmGp3Q",1,1,1,TRUE
@yfndell: I feel like turnin upüòÇ,0,0,0,TRUE
"@HESilf: ""greets a fan"" is now my favorite euphemism https://t.co/namyhNuaAl",1,0,0,FALSE
London stabbing - man in 30s rushed to hospital after ANOTHER stabbing attack as knife crime wave continues https://t.co/4abx7D46pf,1,1,1,TRUE
@vncntngyn: just found out sometimes girls cry themselves to sleep at night https://t.co/GwzXPSauV9,2,1,1,FALSE
"@PromotionBreezy: Even after 14 years of career, Chris Brown got gold on his last two albums in just one week. üèÜ https://t.co/oSLhUvqmHM",1,1,1,TRUE
Good morning! üåªüåª,1,1,1,TRUE
"Hello! You. ‚úãüèº Stop scrolling for just a sec... I want to know, how are you? Like really! In an ideal world I‚Äôd be‚Ä¶ https://t.co/Fk0XK9Xjst",0,2,1,FALSE
"@KnightAzyr: Please share this, and maybe commission me if you can. Thank you! https://t.co/R3HZC5rr7m",1,1,1,TRUE
Let's get started!,1,1,1,TRUE
Bummer. Car overheated during 3rd session. Either water pump or thermostat failed. $$$ tow to mechanics right now.,1,1,1,TRUE
"@DogasusBackpack: ""I Choose You!"" &amp; ""Everyone's Story"" artist:  Yoshitaka Shinomiya (ÂõõÂÆÆÁæ©‰øä)  ""Mewtwo Strikes Back Evolution"" artist: Hiji‚Ä¶",1,1,1,TRUE
@itzychavarin ü§£ü§£ü§£ BITCH,0,0,0,TRUE
@AryaKuli: Crott https://t.co/8xFpYEdMfh,1,2,1,FALSE
@SadFryG: They forced him to drink gasoline then burned him to death yet some still think israel is peaceful. Fuck y‚Äôall https://t.co/Gg‚Ä¶,1,1,1,TRUE
"@OK_Dumbass: @MollyJongFast Cy Vance also needs to spend some time in prison.  But we already knew that, after his cave-in to Marc Kasow‚Ä¶",1,1,1,TRUE
@DEADLINE: Kevin Spacey Assault Case May Be Tossed After Accuser Takes The Fifth Over Deleted Phone Data https://t.co/KFCdKPfG9Q https:/‚Ä¶,1,1,1,TRUE
@smithkyliee: I really don‚Äôt want people that don‚Äôt want better for themselves in my life or around me anymore,1,1,1,TRUE
@michaelgervais: How can you remain calm when it seems like you're facing an insurmountable challenge? @acheyer has the answer https://t‚Ä¶,2,1,1,FALSE
"@JonahNRO: But since I have your attention, there are a remarkable number of people who think it‚Äôs fine to break glass in the woods. Mos‚Ä¶",2,1,1,FALSE
@MineSweepa Fuck em,1,1,1,TRUE
@rxbyxj ARE YOU JOKING THAT HUMY EARS. ID HATE LIVING NEAR THAT PARK,0,0,0,TRUE
@musictakesbot So Kurt Cobain's band is Kurt Cobain for jocks. Aight,2,0,0,FALSE
Ah yes...that‚Äôs the photo I was recalling...sure looks like ‚Äúa‚Äù island...but is it ‚Äúthe‚Äù island?  Maybe he can prov‚Ä¶ https://t.co/D2C8EYcp71,2,0,1,FALSE
@ImReallyOutHere: Today at the happiest place on earth. https://t.co/79j2godsUz,2,0,1,FALSE
@BrendaC07819987: @DrRJKavanagh Cy Vance is the same DA that refused to bring charges of real estate fraud against Ivanka and Don Jr ove‚Ä¶,1,1,1,TRUE
"I messed up the inventory, still some steam shovel hats left. I‚Äôm not good at math",0,0,0,TRUE
@MrMcCockiner: Bro it‚Äôs fucking insane how dudes born in 2000 are now professional athletes. I remember having Pok√©mon card battles in K‚Ä¶,0,0,0,TRUE
"@HarrisonSmith85 I think people are way too hard on this movie.  I mean, the shark jumped out of the water, stood o‚Ä¶ https://t.co/Mf9JRH6KIv",1,0,0,FALSE
And here we go https://t.co/gkRnL84VcA,2,1,1,FALSE
@Nakamura3E: The way they can't reach each otherüíî https://t.co/k5jFcuyCyi,2,1,1,FALSE
"@Melodic__Cudgel ""Roman?""",1,2,1,FALSE
@TrumpStudents: @realDonaldTrump @GOPLeader @GavinNewsom Thank you President Trump for Keeping America Safe üá∫üá∏,1,1,1,TRUE
"@latalani: If we flop w the voting this time when it‚Äôs an ACTUAL CATEGORY WE‚ÄôRE NOMINATED UNDER, imma be pressed  Ik I‚Äôm a super small a‚Ä¶",1,2,1,FALSE
@derek11027093 @YouTube Sorry can't listen won't stay connected don't like them a whole lot a few but,1,2,1,FALSE
@Ibra_official: My favourite team of all time. I only have to decide the coach. Maybe will be Zlatan https://t.co/MvRN5krxPc,1,1,1,TRUE
@ssbu_MGF i remember abt this one guy who posted ********* **** gifs all the time,2,0,1,FALSE
@arnellarmon: Stop holding onto people that didn‚Äôt appreciate you when they had you,1,1,1,TRUE
"Houndour Lvl 35 cp 1146 iv 100 -33.400138,-70.592633",1,2,1,FALSE
@goodbeanalt: her: I like guys that are 6 feetüòçüòç  me: *looking down at my 2 feet* shit,0,0,0,TRUE
"About #marketing, #sales, #communication: https://t.co/WImo9nXeW9",1,1,1,TRUE
"@MayorofLondon: Our new cycling infrastructure, including protected bike lanes, has meant more Londoners are using bicycles to get aroun‚Ä¶",1,1,1,TRUE
Today has been a mentally draining ass dayüò¥,1,0,0,FALSE
Florida‚Äôs Utilities Keep Homeowners From Making the Most of Solar Power https://t.co/yIPgdkZU9E,1,1,1,TRUE
@wthyunho @: ‚òÜ‚òÜ‚òÜ‚òÜ‚òÜ layout: ‚òÜ‚òÜ‚òÜ‚òÜ‚òÜ bio: ‚òÜ‚òÜ‚òÜ‚òÜ‚òÜ pinned: ‚òÜ‚òÜ‚òÜ‚òÜ‚òÜ,1,2,1,FALSE
@michaeljohns @Anonagain3 @LBC Back across the pond for this one.,1,1,1,TRUE
@coachdan_19 Skills alone isn't a guarantee for success.. You think Messi and Ronaldo dwell  and thrive only on nat‚Ä¶ https://t.co/P9gDHCxwqv,1,1,1,TRUE
There‚Äôs been people in my DMs asking me about wholesaling and I put my ego aside and tell folks that I‚Äôm new and fr‚Ä¶ https://t.co/wLO2l0uDPs,1,2,1,FALSE
@kheti_thegreat Nappy Hut Savannah it‚Äôs beside the school,1,1,1,TRUE
@___Alasiah: I‚Äôm still young but I‚Äôm ready to have it ALL together üò≠,0,0,0,TRUE
Do I wanna have sex with my girls mother or my girl when she gets older?... hmm,1,0,0,FALSE
Heat damage is such a scary thing. I don‚Äôt ever want to experience it. I avoid straighteners &amp; hairdryers like the plague üòÇüò≠,0,0,0,TRUE
There's an Adelaide link to the Home Run Derby!  @Dodgers 3B coach Dino Ebel was an import for the Adelaide Giants‚Ä¶ https://t.co/FytQZ1frKZ,1,1,1,TRUE
@ShannonSharpe: Agree or Disagree? https://t.co/FmLUGzxqHT,2,1,1,FALSE
@eveestg: THEY PLAYED THE WRONG SONG FOR THE NATIONAL ANTHEM I- https://t.co/7hM1riH1IO,0,0,0,TRUE
"@billboardcharts: This week's top 5 on the #WorldDigitalSongSales chart:  1. @BTS_twt ""Heartbeat"" (debut) 2. @BTS_twt ""Lights"" (debut) 3‚Ä¶",1,1,1,TRUE
@TeenChoiceFOX: Don't sleep on retweeting this to vote for @billieeilish's When We All Fall Asleep Tour for #ChoiceSummerTour! üí§ #TeenCh‚Ä¶,0,1,1,FALSE
"@MarkWarner: REMINDER: in under 24 hours, the Trump Administration will head to court to overturn the Affordable Care Act and   ‚ùå  Strik‚Ä¶",1,1,1,TRUE
u know you're coping up with depression too well when you're doing your kilay too strong. leggo kick some negativit‚Ä¶ https://t.co/vmlz9G9lZJ,1,1,1,TRUE
@dbongino Gotta find me some Home Depot.,1,0,0,FALSE
@BeshieKaories: I'm sure lalayag ulit to pero it'll be blue na !  Can't waitüíô     @kaori_oinuma @DarlingKaori @PBBabscbn #BringBackKAORI‚Ä¶,2,2,1,FALSE
"@nuearthangel: If you've never known what a healthy relationship is, you may subconciously try to create chaos because you feel ""bored""‚Ä¶",1,1,1,TRUE
@ArmyBrigade13: To gather stars  1. Go to events   2. Scroll to the bottom until you find the star  3. Click the star and you are given‚Ä¶,1,0,1,FALSE
How the fuck do you have an elimination mixed tag without intergender? #wwe #RAW,1,1,1,TRUE
"@catfynli i.... LOVE THIS.......... my horse girl, warrior stan heart is so full üíìüò≠",1,0,1,FALSE
@FHawk94: I'm live everyone &lt;3 Come check me out on mixer at  https://t.co/KGqSPxSy8I @WatchMixer @MixerShares @MixerStreams @MixerRetwe‚Ä¶,1,1,1,TRUE
@judyschear: Love this. ‚ù§Ô∏è   Parents: don‚Äôt abandon your kids.  It‚Äôs heartbreaking.  #Pride2019 https://t.co/O3M2W79Rx8,1,1,1,TRUE
"@marklevinshow I don't really care if anyone likes or dislikes our country. I love it, but that's the beauty of our country.",1,1,1,TRUE
@shancherxo: look at her face üòÇüò≠ this is toddlers when you ask them what‚Äôs in their mouth. https://t.co/e3cl6QacLT,0,0,0,TRUE
@OGTREEZ: Me at work acting fake busy for the last 30 minutes of my shift https://t.co/BIu2GJTZPR,0,0,0,TRUE
@SourceDuMal: This is how you market a bra. This is a STRAPLESS BRA she is doing a cartwheel in people. This company goes up to a K cup.‚Ä¶,1,0,0,FALSE
"@LiiiimDixoonn: In Singapore, they let you drown in anything. Debts, depression, stress, bedok reservoir etc. https://t.co/fO5B92s2go",0,0,0,TRUE
I feel like crying. It's ok tho,1,1,1,TRUE
Finally finished stranger things and I'm just fucking !!!!!!!! UGH,1,1,1,TRUE
I swear I accept one friend request on fb then 20 randoms add me,0,0,0,TRUE
@LGBTELEVEN: maya hawke                  uma thurman stranger things            in kill bill vol. 1 (2019)‚Ä¶,1,1,1,TRUE
"@amoebamusic: Want to win tickets to see @robynkonichiwa perform in Los Angeles Saturday, July 27th at @theforum?   and follow us to‚Ä¶",1,1,1,TRUE
@Sopebubble_: This is the best thing I've ever done in my life https://t.co/QfnBcopRMD,2,2,1,FALSE
They cant,1,1,1,TRUE
@VG247 I'm really excited I used to watch Digimon in my youth and this game looked so good on PS4. Here's hoping I'‚Ä¶ https://t.co/awkBcH4LkK,1,1,1,TRUE
There will be detailed guides for the Yeezy Lundmark drop. We will provide all the information you need to have the‚Ä¶ https://t.co/d28zDnXNeQ,1,1,1,TRUE
"Twitter gay: you guys only like me when I‚Äôm shirtless   Same twitter gay: ONLY posts shirtless pictures and nothing else???,",0,0,0,TRUE
@TylerJCameron3 what are you drinking tonight my man,1,1,1,TRUE
@josiewosie_: i just fall in love picture by picture https://t.co/sskiRe9nXp,1,1,1,TRUE
@TajinderBagga: *Urgent Blood Required*  Patient Name : *Dileep Kumar Tripathi* Blood Group required : *B+ Positive* Location &amp; Hospital‚Ä¶,1,1,1,TRUE
"Don McLean - The meaning of American Pie (UPDATE) https://t.co/QI4vohepea via @YouTube  DON MCLEAN'S SONG ""AMERICAN‚Ä¶ https://t.co/b6qeaFtMm9",2,2,1,FALSE
"@wrongtxtquote: yoongi: i‚Äôm small but knowing  soobin: you don't know what the top shelf looks like, hyung  yoongi:  soobin:  yoongi: ho‚Ä¶",2,0,0,FALSE
@bhaskar_tr: Rape has become business to earn money  @GR_Barbarika #MenToo https://t.co/jjjuxO8z6x,1,1,1,TRUE
@RUMINT79 @CletusAbernathy @davidmweissman @Rosie You need a house vote to start impeachment hearings my dude. Step‚Ä¶ https://t.co/tqzQvKhdJw,1,1,1,TRUE
#StartForLife (left 2 pamphlets NHS) vs #ChangeForLife (right 2 #sugartax) No Added Sugar (NAS) = Artificial SWEETE‚Ä¶ https://t.co/iMoC2SBLxW,1,1,1,TRUE
@_fairykook: @ stan accounts who treat their mutuals like fans  https://t.co/OwXRciNw2a,1,1,1,TRUE
@realDonaldTrump: Spoke to @GOPLeader Kevin McCarthy about the earthquakes in California and informed him that we will be working very c‚Ä¶,1,1,1,TRUE
@kwonkims: remember when the boys were whining because they didn't want to sleep in separate rooms #KeepHoldingOniKON https://t.co/WaHmW‚Ä¶,2,1,1,FALSE
"if you come at my boyfriend all friendly and don‚Äôt have the decency to introduce yourself to me or say hello, you‚Äôr‚Ä¶ https://t.co/Hd3oDAa88e",0,1,1,FALSE
@gewargas @TeddysMom8 @Lynne_Sippel @destination1111 @Pakeha56 @shez19833 @shoozer12 @Ilanyv2 @ITsalagi‚Ä¶ https://t.co/ZhTwdYfpEZ,1,1,1,TRUE
@GARATSmeanie: whats your fave concept you've done so far? Cheol: (our) next concept OKAY SVT IS DEFINITELY HAVING A COMEBACK SOON MOM-‚Ä¶,1,1,1,TRUE
Nove #AustinMahoneNaMix,1,1,1,TRUE
@officialgham: Me in primary school when I put my hand up to tell on a classmate and ask the teacher to go to the toilet instead https:/‚Ä¶,2,0,0,FALSE
*mimosas &amp; damn twitter can we get an edit button yet üôÑ,0,0,0,TRUE
"@doyangeprek: Please help support BTS FESTA 2019 , add a #Twibbon now! https://t.co/XuNtH5yAIQ",1,1,1,TRUE
@yonndone_: Y‚ÄôALL.üòÇ Joe Biden said WHO RACIST?  watch until the end of the videoüòÇüòÇ https://t.co/IiDGRP4sa8,0,0,0,TRUE
@steph93065: How can Maurene Comey be involved in prosecuting the Epstein case?   Her family are very big supporters of the Clintons. Wo‚Ä¶,1,1,1,TRUE
@SvtMinion: Seventeen is a magical group that is very very rare in NY if you see them they bring you happiness and luck in your life  10‚Ä¶,1,1,1,TRUE
@nicolazzo_e @eorden Not all bad. We're not all bad.,1,1,1,TRUE
You can save time lying on the bed until you realize how fucked up traffic in the Philippines,0,0,0,TRUE
@nigguhteen: I feel bad for white people cause they have to deal with other white people and face second hand embarrassment when their p‚Ä¶,0,1,1,FALSE
Ughh my heart!! ‚ô•Ô∏è Zeke is too precious and I know his Tio Luis is watching over him! üò≠‚ô•Ô∏è,1,0,1,FALSE
@boshemia: @SDNYnews Thank you for doing what should have been done long ago. These victims deserve to be heard and fought for.   This i‚Ä¶,1,1,1,TRUE
@tribelaw: Press access to criminal proceedings is a core First Amendment right. My first Supreme Court argument established that: Richm‚Ä¶,1,1,1,TRUE
@VYSR4: i wanna know how it feels like to be this talented pls im talentless https://t.co/kT2j3o8L5e,1,0,0,FALSE
@Boy1drr @prakdip @braeIynn then he gotta stop replyin to me wtf,1,1,1,TRUE
@carIys: Going back to bed https://t.co/B3oXs3qWGe,1,2,1,FALSE
@UmBongoUK: Win a Mini Arcade...Repeat WIN A MINI ARCADE!!!  This 2 Player Mini Arcade comes with 300 games which you can enjoy out and‚Ä¶,1,1,1,TRUE
"@ottawa_asd_mum: 17/ The Ontario Autism Program *needs* a fresh start, so please, please, start fresh. Step away from the Childhood Budg‚Ä¶",1,1,1,TRUE
Congrats!,1,1,1,TRUE
@ActuallyGina: when u isolate yourself and people actually forget about you https://t.co/3oOY3Md4Ny,0,2,0,FALSE
@TheOnion: Man Wasting His Life Playing Video Games When There Whole World Of Other Screens Out There https://t.co/OoNB81vr5v https://t.‚Ä¶,0,0,0,TRUE
@WWEUniverse @WWE @WWERollins @BeckyLynchWWE Enough already with this! https://t.co/enWmp9qb2q,1,1,1,TRUE
@QuanFlix_ That shit fireeee,1,0,0,FALSE
@saba92767765: @AdnaanManning Nice,1,1,1,TRUE
@ewarren: Thank you @EricSwalwell for your commitment to making gun reform front and center in this election. Gun violence is a public h‚Ä¶,1,1,1,TRUE
@lahsmokinggun It‚Äôs a good thing.,2,1,1,FALSE
@nigguhteen: I feel bad for white people cause they have to deal with other white people and face second hand embarrassment when their p‚Ä¶,0,1,0,FALSE
me to my friends am i a joke to you?,0,0,0,TRUE
@Barnes_Law: Clinton is now claiming the FAA logs are lying about him. https://t.co/bbQPWR4p7n #FoxNews,1,1,1,TRUE
@netanyahu: A Palestinian summer camp is teaching children to hate.   They are burning American flags and rejecting every plan for peace‚Ä¶,1,1,1,TRUE
@trevor_norris0: absolutely no one:  Boyz N Motion: https://t.co/i1rulfqlNk,1,0,0,FALSE
Testing my voice on a lo-fi beat how y'all doing,2,0,1,FALSE
@YFan914: Here we go again.... some asshole wants to be social media famous... well let‚Äôs make him famous people! Retweet away! https://‚Ä¶,0,0,0,TRUE
@94ever_rain: tae telling hobi to make a crying face and them both making crying faces together ü•∫ https://t.co/a3AJ4sNOKd,1,0,1,FALSE
Wishing to be somewhere else but here and it‚Äôs alright,0,1,1,FALSE
@LAmaleCA: @BBCWorld BAN the Scooter,1,2,1,FALSE
@LilNasX: 14 WEEKS AT NUMBER 1 LETS GOOOOO !!! https://t.co/ecOGen1bKu,1,2,1,FALSE
"@uhkent: here‚Äôs the letter I left to my parents before moving out in english and spanish, I‚Äôm never changing who I am üè≥Ô∏è‚Äçüåà https://t.co/‚Ä¶",1,1,1,TRUE
@FightfulWrestle: Taker wanted to make his hot tag the hottest hot tag in wrestling history üòÇüòÇüòÇ   https://t.co/0VnMKE60S0,0,0,0,TRUE
@Zero_N_Bless: Water for Flint. Now this. One of the youngest celebs but doing the most for his people! I like this energy üôèüèæ https://t.‚Ä¶,1,1,1,TRUE
@GlennRubenstein @WrestlingInc Is it just me or has this couple combo really destroyed both their momentum and made‚Ä¶ https://t.co/RQSvuRderx,1,1,1,TRUE
Come back to the Gulf Miss Costa!,1,1,1,TRUE
"@SerieTV46: #HEIZE ""We don't talk together"" feat. Giriboy (Prod. #SUGA) - 09:00 KST:  #1 Bugs (=) #1 Genie (=) #1 Mnet (=) #1 Naver (=)‚Ä¶",1,1,1,TRUE
@classofshi: how do we support teachers to value surface-level learning as part of the process to deeper learning and understanding to s‚Ä¶,1,1,1,TRUE
"We don't look for trouble, we just have fun, but there's always someone tryna show what they can do0o0o0o",2,0,1,FALSE
@catturd2: Apple Co-Founder Steve Wozniak Says Everyone Should Delete Facebook Because Conversations Aren‚Äôt Private.   No problem - neve‚Ä¶,0,1,1,FALSE
@beemyhope_: bruh i will never forget that day when bighit has suddenly dropped the tour dates and ticket selling for sy tour and a lot‚Ä¶,1,1,1,TRUE
@Criterion: Our Pedro Almod√≥var retrospective has begun! ‚ö°Ô∏è‚ù§Ô∏èGet a taste of the films on view‚Äîwhich showcase his unique ability to blend‚Ä¶,1,1,1,TRUE
@HOBIlIlIll: Why snoop looks like he‚Äôs at a fan sign https://t.co/QE5SDXhWD8,2,0,0,FALSE
@sparkIy: me at 4am setting my alarm for 6:15 6:30 6:45 and 7:00 https://t.co/jCMD06DBdL,0,0,0,TRUE
@MariahCarey: Today‚Äôs episode of #MomentsWithMimi is live on my IGTV! @marshmellomusic is Roc &amp; Roe's favorite artist so we decided to s‚Ä¶,1,1,1,TRUE
Deep State wins again: unelected federal judge rules against Trump on drug pricing disclosures https://t.co/O5PYOdL9Dg #DeepState #BigPharma,1,1,1,TRUE
I feel another all nighter coming on,1,2,1,FALSE
@Crophugger: Pete Buttigieg Strikes Out on Racism and Police https://t.co/oJ5LOryp4N,1,1,1,TRUE
"@DiivesArt: Please, GIMME 10! üòçüí¶ #diives #xingzuotemple #xingzuo_temple https://t.co/IkoGpZtqFj",1,0,1,FALSE
@BarstoolRia: Are we going with Pilot Pete or Pete the Pilot? Let‚Äôs settle this once and for all #TheBachelorette,2,0,1,FALSE
@OperatorOperatn: Live for the night. Ranked @PlayApex.  https://t.co/bWiyYQIhnW  @UnjustifiedGG,1,1,1,TRUE
@RyanDestiny: super exciteddd. love this show! hopefully I fit in oküò¨üíô https://t.co/EQCEW8PvA7,1,0,1,FALSE
"@Bigseats12 Thank you for the follow! Much appreciated, sorry j missed it right away.",1,1,1,TRUE
@MohamedAlKhoor: Dont ask me why im mad when u don‚Äôt have the mental capacity to understand what you did wrong.,2,1,1,FALSE
@DougBowen5: @SenSchumer They are not prisoners and can go back  home if they want. Why can‚Äôt Mexico take them?,2,1,1,FALSE
@Unexplained: We got this new guy at work...He‚Äôs really nice. https://t.co/oHHqdr3bCu,1,2,1,FALSE
@Spiritsncrystal OMG THEYD BE THE ULTIMATE DUO,1,0,1,FALSE
@kmaarrie: i wanna travel with you &amp; fuck in every city we go to,2,2,1,FALSE
@YUNGBANS: I can‚Äôt beef with no city girl üíÅüèæ‚Äç‚ôÄÔ∏è https://t.co/bFc6vt7NwW,2,0,0,FALSE
"@VP @CBP @HHSGov #potus said, he's been &amp; seen some of the facilities.!? FUCKING BULLSHIT LIE. YOU AND HIM BOTH HAV‚Ä¶ https://t.co/U3nbJgKs4t",1,1,1,TRUE
@HGlorioso1996 @MizRvnTCB @Becky_Boo274 Soooooper hard üòÇüêª,0,0,0,TRUE
@btsdistortedvid: yeontan sweetie im so sorry,1,1,1,TRUE
Is it weird to be attracted to animated characters? Asking for a friend üòÖ,2,0,0,FALSE
@aftermovie: So much Hardin ink‚Ä¶ Does anyone have an ‚ÄúAfter‚Äù tat? üñ§ #AfterMovie https://t.co/ccVfujMACl,1,0,1,FALSE
@minabff apparently. tis wut i hav Heard,1,1,1,TRUE
@CosechaMovement: üî¥ LIVE: hundreds of Jewish allies are marching through Chicago in solidarity with undocumented immigrants to demand an‚Ä¶,1,1,1,TRUE
@ChrisMurphyCT: Your afternoon reminder that tomorrow the Trump administration is going to court to overturn protections for 130 million‚Ä¶,1,1,1,TRUE
"@TaylorLorenz Air-conditioning saves countless lives every year,  you imbecile.  Good god where are they coming fro‚Ä¶ https://t.co/EO6VCksvtg",0,1,0,FALSE
"@solomonbrett: Worth a read - just when journalists needs the internet the most, is often the time when governments deliberately shut it‚Ä¶",1,1,1,TRUE
Fine Fashion Jewelry Blue Sapphire Size:6 Women's Ring 18K white Gold Filled | eBay  https://t.co/EvlG94Bbx3 https://t.co/5Ff80UF0W7,1,1,1,TRUE
@alyssalimp: Me and my gals in college: yaaaas let‚Äôs drink this BAG of wine &amp; go DAAAANCING  Me and my gals now: Ok so what you are expe‚Ä¶,0,0,0,TRUE
@MariahCarey: Challenge accepted! #bottletopchallenge https://t.co/Rygijd6z5W,1,1,1,TRUE
@Stplmstr: Forgot to upload some fusionings so here be some more :D #pokemon #Pokefusions #pokemonfusions https://t.co/DOZ8RWQHqL,1,0,1,FALSE
@vinnybrack: This is an act of terrorism  https://t.co/suPplvRFZs,1,1,1,TRUE
"@Evomanaphy: I heard that Bea is shredded, that she has an eight pack üëÄ  #PokemonSwordShield https://t.co/vf2bvjFlkb",1,0,1,FALSE
Cell Phone Courtesy Month is the perfect time to remind you not to text and drive! https://t.co/GKcJpSn27S,1,0,1,FALSE
i'm going to say this one last time...  this is MY twitter account where i can tweet whatever the FUCK i want to. i‚Ä¶ https://t.co/02xaf8tJU0,1,0,1,FALSE
@barstoolsports @OldRowOfficial @5thYear OH MY GOD. THIS IS @cartereaux üòÇüòÇüòÇüòÇüòÇ,0,0,0,TRUE
Look at him I love him https://t.co/IESaa4nom3,1,2,1,FALSE
"@gauthamrao: Overheard at Whole Foods, Silver Spring   Husband: I didn‚Äôt know there was a women‚Äôs World Cup.  Wife: say it louder so eve‚Ä¶",2,0,0,FALSE
@nyalachi yeah.üòØ,1,0,1,FALSE
Ivanka Trump: Viral shot of Donald Trump with daughter and Jeffrey Epstein exposed as hoax https://t.co/OPcHEL80cZ https://t.co/TobgLrykSw,1,1,1,TRUE
@mari23rios: I would leave my keys locked in my car ü§¶üèΩ‚Äç‚ôÄÔ∏è,0,0,0,TRUE
aint got to tell me twiceee,1,1,1,TRUE
@ihatejoelkim: When I see a tweet on Instagram it does sometimes feel like someone trying to turn in the same homework assignment for tw‚Ä¶,2,0,0,FALSE
Well Fox... Mexico showed you who is better. https://t.co/KCfsREt9v1,2,1,1,FALSE
@AuntLulie: OR is it because Mueller will not support the summary you wrote or the redacted report or the refusal to issue the full unre‚Ä¶,1,1,1,TRUE
@Tara4MAGA: Former President Bill Clinton has issued a statement saying he ‚Äúknows nothing about the terrible crimes Jeffrey Epstein plea‚Ä¶,1,1,1,TRUE
#JeffreyEpstein #LolitaExpress  Jeffrey Epstein: traveled alongside Bill Clinton and Kevin Spacey https://t.co/6urmoWcIXY,1,1,1,TRUE
Jeffrey Epstein: Financier charged with sex trafficking minors - BBC News Pleads not guilty because he thought the‚Ä¶ https://t.co/nxXKErjh3k,1,1,1,TRUE
@nvmbwrId @taescosmo that‚Äôs harsh,1,1,1,TRUE
Love you too üíïüíïüíïüéºüéß,1,0,1,FALSE
"Now I wouldn't say I'm totally manipulative, demanding and in control (fuck I'm all that üíÄ) But this is how I'm try‚Ä¶ https://t.co/1s0c6LndTM",0,0,0,TRUE
@abhishkJntrMnt: God ordered Living Beings to be Vegetarians - Holy Bible Those who eat meat are going against God. #MondayMotivation,1,1,1,TRUE
"@hsalover: bitches love memo ochoa, it‚Äôs me I‚Äôm bitches https://t.co/REwUWKhDYs",2,0,0,FALSE
@robinshawkins: eleven in season 1 episode 7 ‚Äúthe bathtub‚Äù https://t.co/a6wMDGv8zz,1,1,1,TRUE
@yoongitrbll i‚Äôm late but üóø,1,0,1,FALSE
Also please don‚Äôt send me ccs asking when ems will be sent out or when I‚Äôll be forwarding things from my kaddress e‚Ä¶ https://t.co/mbIoqH4w6O,1,1,1,TRUE
@OhDapperDan I could see you becoming a professional Dungeon master.,0,2,1,FALSE
@blazeymc91 @shaunjlawson I was a much happier person when I was politically disengaged.,2,1,0,FALSE
@bniceloco: How that McDonald‚Äôs sprite be hittin https://t.co/KmTiWEt2fM,1,0,0,FALSE
SHOUT OUT TO YOU FOR THIS ONE!!!! https://t.co/R54tADIXC9,1,0,1,FALSE